Workbook
Name aide: 'Racco D2'!$AK$4:$AK$51
Name arbre: 'Racco D2'!$B$4:$F$51
Name bloc: 'Racco D2'!$H$12:$AI$25
Name btnAujourdhui: 'Racco D2'!$AD$27:$AI$27
Name btnVue: 'Racco D2'!$AD$12:$AI$12
Name codeAPE: 'Calcul'!$B$329:$B$329
Name codeDZI: 'Calcul'!$B$637:$B$637
Name codeLVE: 'Calcul'!$B$943:$B$943
Name codeRTY: 'Calcul'!$B$790:$B$790
Name comlab: 'Calcul'!$B$82:$B$82
Name cour: 'Calcul'!$B$51:$B$51
Name cp_APE: 'Racco D2'!$T$19:$U$19
Name cp_Comlab: 'Racco D2'!$AH$16:$AI$16
Name cp_D30: 'Racco D2'!$Y$28:$Z$28
Name cp_D65: 'Racco D2'!$AH$28:$AI$28
Name cp_DZI: 'Racco D2'!$AH$19:$AI$19
Name cp_I30: 'Racco D2'!$T$13:$U$13
Name cp_I65: 'Racco D2'!$AH$13:$AI$13
Name cp_LVE: 'Racco D2'!$AH$21:$AI$21
Name cp_RTY: 'Racco D2'!$T$21:$U$21
Name date30: 'Calcul'!$C$945:$C$945
Name date65: 'Calcul'!$C$946:$C$946
Name dateDepart: 'Racco D2'!$H$29:$Q$29
Name etapeChoisie: 'Racco D2'!$AA$12:$AA$12
Name frise: 'Racco D2'!$H$13:$AI$14
Name noeuds: 'Calcul'!$A$2:$N$39
Name sel: 'Calcul'!$B$52:$B$52
Name selMemo: 'Calcul'!$B$54:$B$54
Name taches: 'Calcul'!$A$43:$R$49
Name vue: 'Calcul'!$B$53:$B$53

Sheet Racco D2
B1: Racco D2
B3: TÂCHES | E3: =COUNTIF(Calcul!$K$43:$K$49,TRUE)&" / 7" -> 0 | H3: DOSSIER
C4: FALSE | D4: 1 | E4: Réception dossier | F4: ● | H4: N° POI anticipation | O4: N° POI Racco D2 | V4: Nombre d'EL | AC4: Permis de construire | AK4: t1
C5: FALSE | E5: Demande de raccordement reçue | AK5: t1a
C6: FALSE | E6: Plans de l'immeuble reçus | H6: Adresse | V6: Cabinet conseil | AC6: DLPI | AK6: t1b
C7: FALSE | E7: Permis de construire joint | AK7: t1c
C8: FALSE | E8: Coordonnées du cabinet conseil | H8: IMB | AK8: t1d
C9: FALSE | D9: 2 | E9: Conformité | F9: ● | AK9: t2
C10: FALSE | E10: 2a Conforme | AK10: t2a
C11: FALSE | E11: Plans vérifiés | AK11: t2a1
C12: FALSE | E12: Nombre d'EL cohérent avec les plans | H12: SITUATION | O12: =IF(Calcul!$B$51=0,"Dossier terminé","Étape "&Calcul!$B$51&" en cours") -> 0 | X12: Étape | AK12: t2a2
C13: FALSE | E13: Adresse et IMB contrôlés | H13: 1 | L13: 2 | P13: 3 | T13: 4 | X13: 5 | AB13: 6 | AF13: 7 | AK13: t2a3
E14: ou | H14: Réception dossier | L14: Conformité | P14: Étude technique | T14: Planification | X14: Travaux | AB14: Recette | AF14: Mise en service | AK14: ou
C15: FALSE | E15: 2b Non conforme | H15: =Calcul!$B$52&" · "&INDEX(Calcul!$C$43:$C$49,Calcul!$B$52) -> 0 | AB15: =INDEX(Calcul!$M$43:$M$49,Calcul!$B$52) -> 0 | AK15: t2b
C16: FALSE | E16: Anomalies notifiées au cabinet conseil | H16: Statut | N16: =INDEX(Calcul!$N$43:$N$49,Calcul!$B$52) -> 0 | AK16: t2b1
C17: FALSE | E17: Compléments demandés | H17: Décision | N17: =INDEX(Calcul!$O$43:$O$49,Calcul!$B$52) -> 0 | AK17: t2b2
C18: FALSE | D18: 3 | E18: Étude technique | F18: ● | H18: Action suivante | N18: =INDEX(Calcul!$P$43:$P$49,Calcul!$B$52) -> 0 | AK18: t3
C19: FALSE | E19: Point de branchement (PBO) identifié | AK19: t3a
C20: FALSE | E20: Cheminement du câble validé | AK20: t3b
C21: FALSE | E21: Devis de raccordement envoyé | AK21: t3c
C22: FALSE | E22: Commande reçue | H22: Responsable | N22: =INDEX(Calcul!$Q$43:$Q$49,Calcul!$B$52) -> 0 | AK22: t3d
C23: FALSE | D23: 4 | E23: Planification | F23: ● | H23: Délai | N23: =IF('Racco D2'!$AC$7="","DLPI non renseignée",IF('Racco D2'!$AC$7-TODAY()>0,"J-"&('Racco D2'!$AC$7-TODAY())&" avant la DLPI",IF('Racco D2'!$AC$7-TODAY()=0,"DLPI aujourd'hui","DLPI dépassée de "&(TODAY()-'Racco D2'!$AC$7)&" j"))) -> 0 | AK23: t4
C24: FALSE | E24: Date d'intervention fixée | H24: =IF(OR(Calcul!$B$51=Calcul!$B$52,Calcul!$B$51=0),"Touche une étape de la frise ou le nom d'une grande tâche pour voir sa situation.","Étape en cours : "&Calcul!$B$51&" · "&INDEX(Calcul!$C$43:$C$49,Calcul!$B$51)) -> 0 | AK24: t4a
C25: FALSE | E25: Technicien affecté | AK25: t4b
C26: FALSE | E26: Syndic ou gestionnaire prévenu | AK26: t4c
C27: FALSE | D27: 5 | E27: Travaux | F27: ● | H27: DATES | AK27: t5
C28: FALSE | E28: Câblage de la colonne montante | H28: Date de départ | R28: + 30 JOURS | Y28: ⧉ | AA28: + 65 JOURS | AH28: ⧉ | AK28: t5a
C29: FALSE | E29: Pose des prises (PTO) dans les logements | R29: =IF(Calcul!$C$945="","—",Calcul!$D$945&" "&Calcul!$C$945) -> 0 | AA29: =IF(Calcul!$C$946="","—",Calcul!$D$946&" "&Calcul!$C$946) -> 0 | AK29: t5b
C30: FALSE | E30: Raccordement au point de branchement | H30: =IF(ISNUMBER('Racco D2'!$H$29),"Départ · "&CHOOSE(WEEKDAY('Racco D2'!$H$29),"dimanche","lundi","mardi","mercredi","jeudi","vendredi","samedi"),"") -> 0 | R30: =Calcul!$E$945 -> 0 | AA30: =Calcul!$E$946 -> 0 | AK30: t5c
C31: FALSE | E31: Photos d'intervention reçues | AK31: t5d
C32: FALSE | D32: 6 | E32: Recette | F32: ● | AK32: t6
C33: FALSE | E33: 6a Recette conforme | H33: INFO | AK33: t6a
C34: FALSE | E34: Mesures optiques dans les tolérances | H34: + 30 JOURS | T34: ⧉ | V34: + 65 JOURS | AH34: ⧉ | AK34: t6a1
C35: FALSE | E35: PV de recette signé | H35: =IF(Calcul!$C$945="","—",Calcul!$D$945&" "&Calcul!$C$945) -> 0 | R35: =Calcul!$E$945 -> 0 | V35: =IF(Calcul!$C$946="","—",Calcul!$D$946&" "&Calcul!$C$946) -> 0 | AF35: =Calcul!$E$946 -> 0 | AK35: t6a2
E36: ou | AK36: ou
C37: FALSE | E37: 6b Recette avec réserves | H37: CODE COMLAB | AH37: ⧉ | AK37: t6b
C38: FALSE | E38: Réserves notifiées au sous-traitant | H38: =MID(Calcul!$B$82,1,5)&" "&MID(Calcul!$B$82,6,5)&" "&MID(Calcul!$B$82,11,5)&" "&MID(Calcul!$B$82,16,5)&" "&MID(Calcul!$B$82,21,5) -> 0 | AK38: t6b1
C39: FALSE | E39: Reprise planifiée | AK39: t6b2
C40: FALSE | D40: 7 | E40: Mise en service | F40: ● | H40: APE | K40: =MID(Calcul!$B$329,1,5)&" "&MID(Calcul!$B$329,6,5)&" "&MID(Calcul!$B$329,11,5) -> 0 | T40: ⧉ | V40: DZI | Y40: =MID(Calcul!$B$637,1,5)&" "&MID(Calcul!$B$637,6,5)&" "&MID(Calcul!$B$637,11,5)&" "&MID(Calcul!$B$637,16,5) -> 0 | AH40: ⧉ | AK40: t7
C41: FALSE | E41: Dossier de récolement transmis | AK41: t7a
C42: FALSE | E42: IMB passés actifs dans le SI | H42: RTY | K42: =MID(Calcul!$B$790,1,5)&" "&MID(Calcul!$B$790,6,5) -> 0 | T42: ⧉ | V42: LVE | Y42: =MID(Calcul!$B$943,1,5)&" "&MID(Calcul!$B$943,6,5) -> 0 | AH42: ⧉ | AK42: t7b
C43: FALSE | E43: Dossier clôturé | AK43: t7c

Sheet Calcul
A1: id | B1: libellé | C1: niveau | D1: coché | E1: effectif | F1: valide | G1: fermé | H1: parent | I1: mode | J1: index | K1: ligne | L1: verrou | M1: tag | N1: court
A2: t1 | B2: Réception dossier | C2: 1 | D2: =IF(ISLOGICAL('Racco D2'!$C$4),'Racco D2'!$C$4,FALSE) -> 0 | E2: =D2 -> 0 | F2: =OR(E2,AND(Calcul!$F$3,Calcul!$F$4,Calcul!$F$5,Calcul!$F$6)) -> 0 | G2: FALSE | I2: tout | J2: 0 | K2: 4 | L2: =Calcul!$I$43 -> 0 | M2: =Calcul!$L$43 -> 0
A3: t1a | B3: Demande de raccordement reçue | C3: 2 | D3: =IF(ISLOGICAL('Racco D2'!$C$5),'Racco D2'!$C$5,FALSE) -> 0 | E3: =OR(D3,Calcul!$E$2) -> 0 | F3: =E3 -> 0 | G3: FALSE | H3: t1 | J3: 0 | K3: 5 | L3: =Calcul!$I$43 -> 0 | M3: ="" -> 0
A4: t1b | B4: Plans de l'immeuble reçus | C4: 2 | D4: =IF(ISLOGICAL('Racco D2'!$C$6),'Racco D2'!$C$6,FALSE) -> 0 | E4: =OR(D4,Calcul!$E$2) -> 0 | F4: =E4 -> 0 | G4: FALSE | H4: t1 | J4: 1 | K4: 6 | L4: =Calcul!$I$43 -> 0 | M4: ="" -> 0
A5: t1c | B5: Permis de construire joint | C5: 2 | D5: =IF(ISLOGICAL('Racco D2'!$C$7),'Racco D2'!$C$7,FALSE) -> 0 | E5: =OR(D5,Calcul!$E$2) -> 0 | F5: =E5 -> 0 | G5: FALSE | H5: t1 | J5: 2 | K5: 7 | L5: =Calcul!$I$43 -> 0 | M5: ="" -> 0
A6: t1d | B6: Coordonnées du cabinet conseil | C6: 2 | D6: =IF(ISLOGICAL('Racco D2'!$C$8),'Racco D2'!$C$8,FALSE) -> 0 | E6: =OR(D6,Calcul!$E$2) -> 0 | F6: =E6 -> 0 | G6: FALSE | H6: t1 | J6: 3 | K6: 8 | L6: =Calcul!$I$43 -> 0 | M6: ="" -> 0
A7: t2 | B7: Conformité | C7: 1 | D7: =IF(ISLOGICAL('Racco D2'!$C$9),'Racco D2'!$C$9,FALSE) -> 0 | E7: =D7 -> 0 | F7: =OR(E7,OR(Calcul!$F$8,Calcul!$F$12)) -> 0 | G7: FALSE | I7: un | J7: 1 | K7: 9 | L7: =Calcul!$I$44 -> 0 | M7: =Calcul!$L$44 -> 0
A8: t2a | B8: 2a Conforme | C8: 2 | D8: =IF(ISLOGICAL('Racco D2'!$C$10),'Racco D2'!$C$10,FALSE) -> 0 | E8: =D8 -> 0 | F8: =OR(E8,AND(Calcul!$F$9,Calcul!$F$10,Calcul!$F$11)) -> 0 | G8: FALSE | H8: t2 | I8: tout | J8: 0 | K8: 10 | L8: =Calcul!$I$44 -> 0 | M8: ="" -> 0 | N8: Conforme
A9: t2a1 | B9: Plans vérifiés | C9: 3 | D9: =IF(ISLOGICAL('Racco D2'!$C$11),'Racco D2'!$C$11,FALSE) -> 0 | E9: =OR(D9,Calcul!$E$8) -> 0 | F9: =E9 -> 0 | G9: FALSE | H9: t2a | J9: 0 | K9: 11 | L9: =Calcul!$I$44 -> 0 | M9: ="" -> 0
A10: t2a2 | B10: Nombre d'EL cohérent avec les plans | C10: 3 | D10: =IF(ISLOGICAL('Racco D2'!$C$12),'Racco D2'!$C$12,FALSE) -> 0 | E10: =OR(D10,Calcul!$E$8) -> 0 | F10: =E10 -> 0 | G10: FALSE | H10: t2a | J10: 1 | K10: 12 | L10: =Calcul!$I$44 -> 0 | M10: ="" -> 0
A11: t2a3 | B11: Adresse et IMB contrôlés | C11: 3 | D11: =IF(ISLOGICAL('Racco D2'!$C$13),'Racco D2'!$C$13,FALSE) -> 0 | E11: =OR(D11,Calcul!$E$8) -> 0 | F11: =E11 -> 0 | G11: FALSE | H11: t2a | J11: 2 | K11: 13 | L11: =Calcul!$I$44 -> 0 | M11: ="" -> 0
A12: t2b | B12: 2b Non conforme | C12: 2 | D12: =IF(ISLOGICAL('Racco D2'!$C$15),'Racco D2'!$C$15,FALSE) -> 0 | E12: =D12 -> 0 | F12: =OR(E12,AND(Calcul!$F$13,Calcul!$F$14)) -> 0 | G12: FALSE | H12: t2 | I12: tout | J12: 1 | K12: 15 | L12: =Calcul!$I$44 -> 0 | M12: ="" -> 0 | N12: Non conforme
A13: t2b1 | B13: Anomalies notifiées au cabinet conseil | C13: 3 | D13: =IF(ISLOGICAL('Racco D2'!$C$16),'Racco D2'!$C$16,FALSE) -> 0 | E13: =OR(D13,Calcul!$E$12) -> 0 | F13: =E13 -> 0 | G13: FALSE | H13: t2b | J13: 0 | K13: 16 | L13: =Calcul!$I$44 -> 0 | M13: ="" -> 0
A14: t2b2 | B14: Compléments demandés | C14: 3 | D14: =IF(ISLOGICAL('Racco D2'!$C$17),'Racco D2'!$C$17,FALSE) -> 0 | E14: =OR(D14,Calcul!$E$12) -> 0 | F14: =E14 -> 0 | G14: FALSE | H14: t2b | J14: 1 | K14: 17 | L14: =Calcul!$I$44 -> 0 | M14: ="" -> 0
A15: t3 | B15: Étude technique | C15: 1 | D15: =IF(ISLOGICAL('Racco D2'!$C$18),'Racco D2'!$C$18,FALSE) -> 0 | E15: =D15 -> 0 | F15: =OR(E15,AND(Calcul!$F$16,Calcul!$F$17,Calcul!$F$18,Calcul!$F$19)) -> 0 | G15: FALSE | I15: tout | J15: 2 | K15: 18 | L15: =Calcul!$I$45 -> 0 | M15: =Calcul!$L$45 -> 0
A16: t3a | B16: Point de branchement (PBO) identifié | C16: 2 | D16: =IF(ISLOGICAL('Racco D2'!$C$19),'Racco D2'!$C$19,FALSE) -> 0 | E16: =OR(D16,Calcul!$E$15) -> 0 | F16: =E16 -> 0 | G16: FALSE | H16: t3 | J16: 0 | K16: 19 | L16: =Calcul!$I$45 -> 0 | M16: ="" -> 0
A17: t3b | B17: Cheminement du câble validé | C17: 2 | D17: =IF(ISLOGICAL('Racco D2'!$C$20),'Racco D2'!$C$20,FALSE) -> 0 | E17: =OR(D17,Calcul!$E$15) -> 0 | F17: =E17 -> 0 | G17: FALSE | H17: t3 | J17: 1 | K17: 20 | L17: =Calcul!$I$45 -> 0 | M17: ="" -> 0
A18: t3c | B18: Devis de raccordement envoyé | C18: 2 | D18: =IF(ISLOGICAL('Racco D2'!$C$21),'Racco D2'!$C$21,FALSE) -> 0 | E18: =OR(D18,Calcul!$E$15) -> 0 | F18: =E18 -> 0 | G18: FALSE | H18: t3 | J18: 2 | K18: 21 | L18: =Calcul!$I$45 -> 0 | M18: ="" -> 0
A19: t3d | B19: Commande reçue | C19: 2 | D19: =IF(ISLOGICAL('Racco D2'!$C$22),'Racco D2'!$C$22,FALSE) -> 0 | E19: =OR(D19,Calcul!$E$15) -> 0 | F19: =E19 -> 0 | G19: FALSE | H19: t3 | J19: 3 | K19: 22 | L19: =Calcul!$I$45 -> 0 | M19: ="" -> 0
A20: t4 | B20: Planification | C20: 1 | D20: =IF(ISLOGICAL('Racco D2'!$C$23),'Racco D2'!$C$23,FALSE) -> 0 | E20: =D20 -> 0 | F20: =OR(E20,AND(Calcul!$F$21,Calcul!$F$22,Calcul!$F$23)) -> 0 | G20: FALSE | I20: tout | J20: 3 | K20: 23 | L20: =Calcul!$I$46 -> 0 | M20: =Calcul!$L$46 -> 0
A21: t4a | B21: Date d'intervention fixée | C21: 2 | D21: =IF(ISLOGICAL('Racco D2'!$C$24),'Racco D2'!$C$24,FALSE) -> 0 | E21: =OR(D21,Calcul!$E$20) -> 0 | F21: =E21 -> 0 | G21: FALSE | H21: t4 | J21: 0 | K21: 24 | L21: =Calcul!$I$46 -> 0 | M21: ="" -> 0
A22: t4b | B22: Technicien affecté | C22: 2 | D22: =IF(ISLOGICAL('Racco D2'!$C$25),'Racco D2'!$C$25,FALSE) -> 0 | E22: =OR(D22,Calcul!$E$20) -> 0 | F22: =E22 -> 0 | G22: FALSE | H22: t4 | J22: 1 | K22: 25 | L22: =Calcul!$I$46 -> 0 | M22: ="" -> 0
A23: t4c | B23: Syndic ou gestionnaire prévenu | C23: 2 | D23: =IF(ISLOGICAL('Racco D2'!$C$26),'Racco D2'!$C$26,FALSE) -> 0 | E23: =OR(D23,Calcul!$E$20) -> 0 | F23: =E23 -> 0 | G23: FALSE | H23: t4 | J23: 2 | K23: 26 | L23: =Calcul!$I$46 -> 0 | M23: ="" -> 0
A24: t5 | B24: Travaux | C24: 1 | D24: =IF(ISLOGICAL('Racco D2'!$C$27),'Racco D2'!$C$27,FALSE) -> 0 | E24: =D24 -> 0 | F24: =OR(E24,AND(Calcul!$F$25,Calcul!$F$26,Calcul!$F$27,Calcul!$F$28)) -> 0 | G24: FALSE | I24: tout | J24: 4 | K24: 27 | L24: =Calcul!$I$47 -> 0 | M24: =Calcul!$L$47 -> 0
A25: t5a | B25: Câblage de la colonne montante | C25: 2 | D25: =IF(ISLOGICAL('Racco D2'!$C$28),'Racco D2'!$C$28,FALSE) -> 0 | E25: =OR(D25,Calcul!$E$24) -> 0 | F25: =E25 -> 0 | G25: FALSE | H25: t5 | J25: 0 | K25: 28 | L25: =Calcul!$I$47 -> 0 | M25: ="" -> 0
A26: t5b | B26: Pose des prises (PTO) dans les logements | C26: 2 | D26: =IF(ISLOGICAL('Racco D2'!$C$29),'Racco D2'!$C$29,FALSE) -> 0 | E26: =OR(D26,Calcul!$E$24) -> 0 | F26: =E26 -> 0 | G26: FALSE | H26: t5 | J26: 1 | K26: 29 | L26: =Calcul!$I$47 -> 0 | M26: ="" -> 0
A27: t5c | B27: Raccordement au point de branchement | C27: 2 | D27: =IF(ISLOGICAL('Racco D2'!$C$30),'Racco D2'!$C$30,FALSE) -> 0 | E27: =OR(D27,Calcul!$E$24) -> 0 | F27: =E27 -> 0 | G27: FALSE | H27: t5 | J27: 2 | K27: 30 | L27: =Calcul!$I$47 -> 0 | M27: ="" -> 0
A28: t5d | B28: Photos d'intervention reçues | C28: 2 | D28: =IF(ISLOGICAL('Racco D2'!$C$31),'Racco D2'!$C$31,FALSE) -> 0 | E28: =OR(D28,Calcul!$E$24) -> 0 | F28: =E28 -> 0 | G28: FALSE | H28: t5 | J28: 3 | K28: 31 | L28: =Calcul!$I$47 -> 0 | M28: ="" -> 0
A29: t6 | B29: Recette | C29: 1 | D29: =IF(ISLOGICAL('Racco D2'!$C$32),'Racco D2'!$C$32,FALSE) -> 0 | E29: =D29 -> 0 | F29: =OR(E29,OR(Calcul!$F$30,Calcul!$F$33)) -> 0 | G29: FALSE | I29: un | J29: 5 | K29: 32 | L29: =Calcul!$I$48 -> 0 | M29: =Calcul!$L$48 -> 0
A30: t6a | B30: 6a Recette conforme | C30: 2 | D30: =IF(ISLOGICAL('Racco D2'!$C$33),'Racco D2'!$C$33,FALSE) -> 0 | E30: =D30 -> 0 | F30: =OR(E30,AND(Calcul!$F$31,Calcul!$F$32)) -> 0 | G30: FALSE | H30: t6 | I30: tout | J30: 0 | K30: 33 | L30: =Calcul!$I$48 -> 0 | M30: ="" -> 0 | N30: Recette conforme
A31: t6a1 | B31: Mesures optiques dans les tolérances | C31: 3 | D31: =IF(ISLOGICAL('Racco D2'!$C$34),'Racco D2'!$C$34,FALSE) -> 0 | E31: =OR(D31,Calcul!$E$30) -> 0 | F31: =E31 -> 0 | G31: FALSE | H31: t6a | J31: 0 | K31: 34 | L31: =Calcul!$I$48 -> 0 | M31: ="" -> 0
A32: t6a2 | B32: PV de recette signé | C32: 3 | D32: =IF(ISLOGICAL('Racco D2'!$C$35),'Racco D2'!$C$35,FALSE) -> 0 | E32: =OR(D32,Calcul!$E$30) -> 0 | F32: =E32 -> 0 | G32: FALSE | H32: t6a | J32: 1 | K32: 35 | L32: =Calcul!$I$48 -> 0 | M32: ="" -> 0
A33: t6b | B33: 6b Recette avec réserves | C33: 2 | D33: =IF(ISLOGICAL('Racco D2'!$C$37),'Racco D2'!$C$37,FALSE) -> 0 | E33: =D33 -> 0 | F33: =OR(E33,AND(Calcul!$F$34,Calcul!$F$35)) -> 0 | G33: FALSE | H33: t6 | I33: tout | J33: 1 | K33: 37 | L33: =Calcul!$I$48 -> 0 | M33: ="" -> 0 | N33: Réserves
A34: t6b1 | B34: Réserves notifiées au sous-traitant | C34: 3 | D34: =IF(ISLOGICAL('Racco D2'!$C$38),'Racco D2'!$C$38,FALSE) -> 0 | E34: =OR(D34,Calcul!$E$33) -> 0 | F34: =E34 -> 0 | G34: FALSE | H34: t6b | J34: 0 | K34: 38 | L34: =Calcul!$I$48 -> 0 | M34: ="" -> 0
A35: t6b2 | B35: Reprise planifiée | C35: 3 | D35: =IF(ISLOGICAL('Racco D2'!$C$39),'Racco D2'!$C$39,FALSE) -> 0 | E35: =OR(D35,Calcul!$E$33) -> 0 | F35: =E35 -> 0 | G35: FALSE | H35: t6b | J35: 1 | K35: 39 | L35: =Calcul!$I$48 -> 0 | M35: ="" -> 0
A36: t7 | B36: Mise en service | C36: 1 | D36: =IF(ISLOGICAL('Racco D2'!$C$40),'Racco D2'!$C$40,FALSE) -> 0 | E36: =D36 -> 0 | F36: =OR(E36,AND(Calcul!$F$37,Calcul!$F$38,Calcul!$F$39)) -> 0 | G36: FALSE | I36: tout | J36: 6 | K36: 40 | L36: =Calcul!$I$49 -> 0 | M36: =Calcul!$L$49 -> 0
A37: t7a | B37: Dossier de récolement transmis | C37: 2 | D37: =IF(ISLOGICAL('Racco D2'!$C$41),'Racco D2'!$C$41,FALSE) -> 0 | E37: =OR(D37,Calcul!$E$36) -> 0 | F37: =E37 -> 0 | G37: FALSE | H37: t7 | J37: 0 | K37: 41 | L37: =Calcul!$I$49 -> 0 | M37: ="" -> 0
A38: t7b | B38: IMB passés actifs dans le SI | C38: 2 | D38: =IF(ISLOGICAL('Racco D2'!$C$42),'Racco D2'!$C$42,FALSE) -> 0 | E38: =OR(D38,Calcul!$E$36) -> 0 | F38: =E38 -> 0 | G38: FALSE | H38: t7 | J38: 1 | K38: 42 | L38: =Calcul!$I$49 -> 0 | M38: ="" -> 0
A39: t7c | B39: Dossier clôturé | C39: 2 | D39: =IF(ISLOGICAL('Racco D2'!$C$43),'Racco D2'!$C$43,FALSE) -> 0 | E39: =OR(D39,Calcul!$E$36) -> 0 | F39: =E39 -> 0 | G39: FALSE | H39: t7 | J39: 2 | K39: 43 | L39: =Calcul!$I$49 -> 0 | M39: ="" -> 0
A42: n° | B42: id | C42: libellé | D42: valide | E42: branche A | F42: branche B | G42: en A | H42: en B | I42: verrou | J42: ko | K42: acquise | L42: tag | M42: texte | N42: statut | O42: décision | P42: action | Q42: responsable | R42: lettre
A43: 1 | B43: t1 | C43: Réception dossier | D43: =Calcul!$F$2 -> 0 | I43: =FALSE -> 0 | J43: =FALSE -> 0 | K43: =AND(NOT(I43),D43,NOT(J43)) -> 0 | L43: =IF(I43,"none",IF(D43,"ok",IF(TRUE,"run","none"))) -> 0 | M43: =IF(I43,"Verrouillée",IF(D43,"Validée",IF(TRUE,"Incomplète","À faire"))) -> 0 | N43: =IF(I43,"Pas encore accessible",IF(D43,"Dossier complet",IF(TRUE,"Réception dossier : "&(N(Calcul!$F$3)+N(Calcul!$F$4)+N(Calcul!$F$5)+N(Calcul!$F$6))&"/4","Pas commencée"))) -> 0 | O43: =IF(I43,"—",IF(D43,"Recevable",IF(TRUE,"En attente des pièces","—"))) -> 0 | P43: =IF(I43,"Valider d'abord l'étape 0 · ",IF(D43,"Passer au contrôle de conformité",IF(TRUE,_xlfn.TEXTJOIN(CHAR(10),TRUE,IF(Calcul!$F$3,"","• "&Calcul!$B$3),IF(Calcul!$F$4,"","• "&Calcul!$B$4),IF(Calcul!$F$5,"","• "&Calcul!$B$5),IF(Calcul!$F$6,"","• "&Calcul!$B$6)),_xlfn.TEXTJOIN(CHAR(10),TRUE,IF(Calcul!$F$3,"","• "&Calcul!$B$3),IF(Calcul!$F$4,"","• "&Calcul!$B$4),IF(Calcul!$F$5,"","• "&Calcul!$B$5),IF(Calcul!$F$6,"","• "&Calcul!$B$6))))) -> 0 | Q43: =IF(I43,"—",IF(D43,"Moi",IF(TRUE,IF('Racco D2'!$V$7="","Cabinet conseil",'Racco D2'!$V$7),IF('Racco D2'!$V$7="","Cabinet conseil",'Racco D2'!$V$7)))) -> 0 | R43: =IF(L43="ko","N",IF(K43,"V",IF(AND(1=Calcul!$B$51,L43="run"),"E","A"))) -> 0
A44: 2 | B44: t2 | C44: Conformité | D44: =Calcul!$F$7 -> 0 | E44: =Calcul!$F$8 -> 0 | F44: =Calcul!$F$12 -> 0 | G44: =OR(Calcul!$F$9,Calcul!$F$10,Calcul!$F$11) -> 0 | H44: =OR(Calcul!$F$13,Calcul!$F$14) -> 0 | I44: =NOT(Calcul!$K$43) -> 0 | J44: =AND(NOT(I44),NOT(E44),F44) -> 0 | K44: =AND(NOT(I44),D44,NOT(J44)) -> 0 | L44: =IF(I44,"none",IF(E44,"ok",IF(F44,"ko",IF(AND(Calcul!$E$7,NOT(G44),NOT(H44)),"ok",IF(G44,"run",IF(H44,"run","none")))))) -> 0 | M44: =IF(I44,"Verrouillée",IF(E44,"Conforme",IF(F44,"Non conforme",IF(AND(Calcul!$E$7,NOT(G44),NOT(H44)),"Validée",IF(G44,"En cours",IF(H44,"En cours","À contrôler")))))) -> 0 | N44: =IF(I44,"Pas encore accessible",IF(E44,"Conforme",IF(F44,"Non conforme",IF(AND(Calcul!$E$7,NOT(G44),NOT(H44)),"Validée sans précision",IF(G44,"Vers « "&"Conforme"&" »",IF(H44,"Vers « "&"Non conforme"&" »","Pas encore contrôlé")))))) -> 0 | O44: =IF(I44,"—",IF(E44,"Accepté",IF(F44,"Suspendu",IF(AND(Calcul!$E$7,NOT(G44),NOT(H44)),"À préciser",IF(G44,"En cours",IF(H44,"En cours","—")))))) -> 0 | P44: =IF(I44,"Valider d'abord l'étape 1 · Réception dossier",IF(E44,"Lancer l'étude technique",IF(F44,"Attendre les compléments du cabinet",IF(AND(Calcul!$E$7,NOT(G44),NOT(H44)),"Indiquer "&"« "&"Conforme"&" » ou « "&"Non conforme"&" »",IF(G44,_xlfn.TEXTJOIN(CHAR(10),TRUE,IF(Calcul!$F$9,"","• "&Calcul!$B$9),IF(Calcul!$F$10,"","• "&Calcul!$B$10),IF(Calcul!$F$11,"","• "&Calcul!$B$11)),IF(H44,_xlfn.TEXTJOIN(CHAR(10),TRUE,IF(Calcul!$F$13,"","• "&Calcul!$B$13),IF(Calcul!$F$14,"","• "&Calcul!$B$14)),"Choisir "&"« "&"Conforme"&" » ou « "&"Non conforme"&" »")))))) -> 0 | Q44: =IF(I44,"—",IF(E44,"Moi",IF(F44,IF('Racco D2'!$V$7="","Cabinet conseil",'Racco D2'!$V$7),IF(AND(Calcul!$E$7,NOT(G44),NOT(H44)),"Moi",IF(G44,"Moi",IF(H44,"Moi","Moi")))))) -> 0 | R44: =IF(L44="ko","N",IF(K44,"V",IF(AND(2=Calcul!$B$51,L44="run"),"E","A"))) -> 0
A45: 3 | B45: t3 | C45: Étude technique | D45: =Calcul!$F$15 -> 0 | I45: =NOT(Calcul!$K$44) -> 0 | J45: =FALSE -> 0 | K45: =AND(NOT(I45),D45,NOT(J45)) -> 0 | L45: =IF(I45,"none",IF(D45,"ok",IF((N(Calcul!$F$16)+N(Calcul!$F$17)+N(Calcul!$F$18)+N(Calcul!$F$19))>0,"run","none"))) -> 0 | M45: =IF(I45,"Verrouillée",IF(D45,"Validée",IF((N(Calcul!$F$16)+N(Calcul!$F$17)+N(Calcul!$F$18)+N(Calcul!$F$19))>0,"En cours","À faire"))) -> 0 | N45: =IF(I45,"Pas encore accessible",IF(D45,"Étude terminée",IF((N(Calcul!$F$16)+N(Calcul!$F$17)+N(Calcul!$F$18)+N(Calcul!$F$19))>0,"Étude technique : "&(N(Calcul!$F$16)+N(Calcul!$F$17)+N(Calcul!$F$18)+N(Calcul!$F$19))&"/4","Pas commencée"))) -> 0 | O45: =IF(I45,"—",IF(D45,"Faisable",IF((N(Calcul!$F$16)+N(Calcul!$F$17)+N(Calcul!$F$18)+N(Calcul!$F$19))>0,"Étude en cours","—"))) -> 0 | P45: =IF(I45,"Valider d'abord l'étape 2 · Conformité",IF(D45,"Planifier l'intervention",IF((N(Calcul!$F$16)+N(Calcul!$F$17)+N(Calcul!$F$18)+N(Calcul!$F$19))>0,_xlfn.TEXTJOIN(CHAR(10),TRUE,IF(Calcul!$F$16,"","• "&Calcul!$B$16),IF(Calcul!$F$17,"","• "&Calcul!$B$17),IF(Calcul!$F$18,"","• "&Calcul!$B$18),IF(Calcul!$F$19,"","• "&Calcul!$B$19)),_xlfn.TEXTJOIN(CHAR(10),TRUE,IF(Calcul!$F$16,"","• "&Calcul!$B$16),IF(Calcul!$F$17,"","• "&Calcul!$B$17),IF(Calcul!$F$18,"","• "&Calcul!$B$18),IF(Calcul!$F$19,"","• "&Calcul!$B$19))))) -> 0 | Q45: =IF(I45,"—",IF(D45,"Moi",IF((N(Calcul!$F$16)+N(Calcul!$F$17)+N(Calcul!$F$18)+N(Calcul!$F$19))>0,"Bureau d'études","Bureau d'études"))) -> 0 | R45: =IF(L45="ko","N",IF(K45,"V",IF(AND(3=Calcul!$B$51,L45="run"),"E","A"))) -> 0
A46: 4 | B46: t4 | C46: Planification | D46: =Calcul!$F$20 -> 0 | I46: =NOT(Calcul!$K$45) -> 0 | J46: =FALSE -> 0 | K46: =AND(NOT(I46),D46,NOT(J46)) -> 0 | L46: =IF(I46,"none",IF(D46,"ok",IF((N(Calcul!$F$21)+N(Calcul!$F$22)+N(Calcul!$F$23))>0,"run","none"))) -> 0 | M46: =IF(I46,"Verrouillée",IF(D46,"Validée",IF((N(Calcul!$F$21)+N(Calcul!$F$22)+N(Calcul!$F$23))>0,"En cours","À faire"))) -> 0 | N46: =IF(I46,"Pas encore accessible",IF(D46,"Intervention planifiée",IF((N(Calcul!$F$21)+N(Calcul!$F$22)+N(Calcul!$F$23))>0,"Planification : "&(N(Calcul!$F$21)+N(Calcul!$F$22)+N(Calcul!$F$23))&"/3","Pas commencée"))) -> 0 | O46: =IF(I46,"—",IF(D46,"Date confirmée",IF((N(Calcul!$F$21)+N(Calcul!$F$22)+N(Calcul!$F$23))>0,"Rendez-vous à caler","—"))) -> 0 | P46: =IF(I46,"Valider d'abord l'étape 3 · Étude technique",IF(D46,"Lancer les travaux",IF((N(Calcul!$F$21)+N(Calcul!$F$22)+N(Calcul!$F$23))>0,_xlfn.TEXTJOIN(CHAR(10),TRUE,IF(Calcul!$F$21,"","• "&Calcul!$B$21),IF(Calcul!$F$22,"","• "&Calcul!$B$22),IF(Calcul!$F$23,"","• "&Calcul!$B$23)),_xlfn.TEXTJOIN(CHAR(10),TRUE,IF(Calcul!$F$21,"","• "&Calcul!$B$21),IF(Calcul!$F$22,"","• "&Calcul!$B$22),IF(Calcul!$F$23,"","• "&Calcul!$B$23))))) -> 0 | Q46: =IF(I46,"—",IF(D46,"Moi",IF((N(Calcul!$F$21)+N(Calcul!$F$22)+N(Calcul!$F$23))>0,"Moi","Moi"))) -> 0 | R46: =IF(L46="ko","N",IF(K46,"V",IF(AND(4=Calcul!$B$51,L46="run"),"E","A"))) -> 0
A47: 5 | B47: t5 | C47: Travaux | D47: =Calcul!$F$24 -> 0 | I47: =NOT(Calcul!$K$46) -> 0 | J47: =FALSE -> 0 | K47: =AND(NOT(I47),D47,NOT(J47)) -> 0 | L47: =IF(I47,"none",IF(D47,"ok",IF((N(Calcul!$F$25)+N(Calcul!$F$26)+N(Calcul!$F$27)+N(Calcul!$F$28))>0,"run","none"))) -> 0 | M47: =IF(I47,"Verrouillée",IF(D47,"Validée",IF((N(Calcul!$F$25)+N(Calcul!$F$26)+N(Calcul!$F$27)+N(Calcul!$F$28))>0,"En cours","À faire"))) -> 0 | N47: =IF(I47,"Pas encore accessible",IF(D47,"Travaux terminés",IF((N(Calcul!$F$25)+N(Calcul!$F$26)+N(Calcul!$F$27)+N(Calcul!$F$28))>0,"Travaux : "&(N(Calcul!$F$25)+N(Calcul!$F$26)+N(Calcul!$F$27)+N(Calcul!$F$28))&"/4","Pas commencée"))) -> 0 | O47: =IF(I47,"—",IF(D47,"Prêt pour la recette",IF((N(Calcul!$F$25)+N(Calcul!$F$26)+N(Calcul!$F$27)+N(Calcul!$F$28))>0,"Chantier en cours","—"))) -> 0 | P47: =IF(I47,"Valider d'abord l'étape 4 · Planification",IF(D47,"Faire la recette",IF((N(Calcul!$F$25)+N(Calcul!$F$26)+N(Calcul!$F$27)+N(Calcul!$F$28))>0,_xlfn.TEXTJOIN(CHAR(10),TRUE,IF(Calcul!$F$25,"","• "&Calcul!$B$25),IF(Calcul!$F$26,"","• "&Calcul!$B$26),IF(Calcul!$F$27,"","• "&Calcul!$B$27),IF(Calcul!$F$28,"","• "&Calcul!$B$28)),_xlfn.TEXTJOIN(CHAR(10),TRUE,IF(Calcul!$F$25,"","• "&Calcul!$B$25),IF(Calcul!$F$26,"","• "&Calcul!$B$26),IF(Calcul!$F$27,"","• "&Calcul!$B$27),IF(Calcul!$F$28,"","• "&Calcul!$B$28))))) -> 0 | Q47: =IF(I47,"—",IF(D47,"Moi",IF((N(Calcul!$F$25)+N(Calcul!$F$26)+N(Calcul!$F$27)+N(Calcul!$F$28))>0,"Sous-traitant","Sous-traitant"))) -> 0 | R47: =IF(L47="ko","N",IF(K47,"V",IF(AND(5=Calcul!$B$51,L47="run"),"E","A"))) -> 0
A48: 6 | B48: t6 | C48: Recette | D48: =Calcul!$F$29 -> 0 | E48: =Calcul!$F$30 -> 0 | F48: =Calcul!$F$33 -> 0 | G48: =OR(Calcul!$F$31,Calcul!$F$32) -> 0 | H48: =OR(Calcul!$F$34,Calcul!$F$35) -> 0 | I48: =NOT(Calcul!$K$47) -> 0 | J48: =AND(NOT(I48),NOT(E48),F48) -> 0 | K48: =AND(NOT(I48),D48,NOT(J48)) -> 0 | L48: =IF(I48,"none",IF(E48,"ok",IF(F48,"ko",IF(AND(Calcul!$E$29,NOT(G48),NOT(H48)),"ok",IF(G48,"run",IF(H48,"run","none")))))) -> 0 | M48: =IF(I48,"Verrouillée",IF(E48,"Recette conforme",IF(F48,"Réserves",IF(AND(Calcul!$E$29,NOT(G48),NOT(H48)),"Validée",IF(G48,"En cours",IF(H48,"En cours","À contrôler")))))) -> 0 | N48: =IF(I48,"Pas encore accessible",IF(E48,"Recette conforme",IF(F48,"Réserves",IF(AND(Calcul!$E$29,NOT(G48),NOT(H48)),"Validée sans précision",IF(G48,"Vers « "&"Recette conforme"&" »",IF(H48,"Vers « "&"Réserves"&" »","Pas encore contrôlé")))))) -> 0 | O48: =IF(I48,"—",IF(E48,"Accepté",IF(F48,"Suspendu",IF(AND(Calcul!$E$29,NOT(G48),NOT(H48)),"À préciser",IF(G48,"En cours",IF(H48,"En cours","—")))))) -> 0 | P48: =IF(I48,"Valider d'abord l'étape 5 · Travaux",IF(E48,"Mettre en service",IF(F48,"Faire lever les réserves",IF(AND(Calcul!$E$29,NOT(G48),NOT(H48)),"Indiquer "&"« "&"Recette conforme"&" » ou « "&"Réserves"&" »",IF(G48,_xlfn.TEXTJOIN(CHAR(10),TRUE,IF(Calcul!$F$31,"","• "&Calcul!$B$31),IF(Calcul!$F$32,"","• "&Calcul!$B$32)),IF(H48,_xlfn.TEXTJOIN(CHAR(10),TRUE,IF(Calcul!$F$34,"","• "&Calcul!$B$34),IF(Calcul!$F$35,"","• "&Calcul!$B$35)),"Choisir "&"« "&"Recette conforme"&" » ou « "&"Réserves"&" »")))))) -> 0 | Q48: =IF(I48,"—",IF(E48,"Moi",IF(F48,"Sous-traitant",IF(AND(Calcul!$E$29,NOT(G48),NOT(H48)),"Moi",IF(G48,"Moi",IF(H48,"Moi","Moi")))))) -> 0 | R48: =IF(L48="ko","N",IF(K48,"V",IF(AND(6=Calcul!$B$51,L48="run"),"E","A"))) -> 0
A49: 7 | B49: t7 | C49: Mise en service | D49: =Calcul!$F$36 -> 0 | I49: =NOT(Calcul!$K$48) -> 0 | J49: =FALSE -> 0 | K49: =AND(NOT(I49),D49,NOT(J49)) -> 0 | L49: =IF(I49,"none",IF(D49,"ok",IF((N(Calcul!$F$37)+N(Calcul!$F$38)+N(Calcul!$F$39))>0,"run","none"))) -> 0 | M49: =IF(I49,"Verrouillée",IF(D49,"Validée",IF((N(Calcul!$F$37)+N(Calcul!$F$38)+N(Calcul!$F$39))>0,"En cours","À faire"))) -> 0 | N49: =IF(I49,"Pas encore accessible",IF(D49,"Immeuble raccordé",IF((N(Calcul!$F$37)+N(Calcul!$F$38)+N(Calcul!$F$39))>0,"Mise en service : "&(N(Calcul!$F$37)+N(Calcul!$F$38)+N(Calcul!$F$39))&"/3","Pas commencée"))) -> 0 | O49: =IF(I49,"—",IF(D49,"Dossier clos",IF((N(Calcul!$F$37)+N(Calcul!$F$38)+N(Calcul!$F$39))>0,"Clôture en cours","—"))) -> 0 | P49: =IF(I49,"Valider d'abord l'étape 6 · Recette",IF(D49,"Archiver le dossier",IF((N(Calcul!$F$37)+N(Calcul!$F$38)+N(Calcul!$F$39))>0,_xlfn.TEXTJOIN(CHAR(10),TRUE,IF(Calcul!$F$37,"","• "&Calcul!$B$37),IF(Calcul!$F$38,"","• "&Calcul!$B$38),IF(Calcul!$F$39,"","• "&Calcul!$B$39)),_xlfn.TEXTJOIN(CHAR(10),TRUE,IF(Calcul!$F$37,"","• "&Calcul!$B$37),IF(Calcul!$F$38,"","• "&Calcul!$B$38),IF(Calcul!$F$39,"","• "&Calcul!$B$39))))) -> 0 | Q49: =IF(I49,"—",IF(D49,"Moi",IF((N(Calcul!$F$37)+N(Calcul!$F$38)+N(Calcul!$F$39))>0,"Moi","Moi"))) -> 0 | R49: =IF(L49="ko","N",IF(K49,"V",IF(AND(7=Calcul!$B$51,L49="run"),"E","A"))) -> 0
A51: en cours | B51: =IFERROR(MATCH(FALSE,Calcul!$K$43:$K$49,0),0) -> 0
A52: affichée | B52: =IF(ISNUMBER(etapeChoisie),etapeChoisie,IF(Calcul!$B$51=0,7,Calcul!$B$51)) -> 0
A53: vue | B53: Situation
A54: étape mémorisée
A57: Code Comlab
A58: corps | B58: =Calcul!$R$43&Calcul!$R$44&Calcul!$R$45&Calcul!$R$46&Calcul!$R$47&Calcul!$R$48&Calcul!$R$49&MID('Paramètres'!$D$2,1+16*N(Calcul!$F$3)+8*N(Calcul!$F$4)+4*N(Calcul!$F$5)+2*N(Calcul!$F$6)+1*N(Calcul!$F$9),1)&MID('Paramètres'!$D$2,1+16*N(Calcul!$F$10)+8*N(Calcul!$F$11)+4*N(Calcul!$F$13)+2*N(Calcul!$F$14)+1*N(Calcul!$F$16),1)&MID('Paramètres'!$D$2,1+16*N(Calcul!$F$17)+8*N(Calcul!$F$18)+4*N(Calcul!$F$19)+2*N(Calcul!$F$21)+1*N(Calcul!$F$22),1)&MID('Paramètres'!$D$2,1+16*N(Calcul!$F$23)+8*N(Calcul!$F$25)+4*N(Calcul!$F$26)+2*N(Calcul!$F$27)+1*N(Calcul!$F$28),1)&MID('Paramètres'!$D$2,1+16*N(Calcul!$F$31)+8*N(Calcul!$F$32)+4*N(Calcul!$F$34)+2*N(Calcul!$F$35)+1*N(Calcul!$F$37),1)&MID('Paramètres'!$D$2,1+16*N(Calcul!$F$38)+8*N(Calcul!$F$39),1)&MID('Paramètres'!$D$2,1+0,1)&MID('Paramètres'!$D$2,1+0,1)&MID('Paramètres'!$D$2,1+0,1)&MID('Paramètres'!$D$2,1+0,1)&MID('Paramètres'!$D$2,1+0,1)&MID('Paramètres'!$D$2,1+0,1)&MID('Paramètres'!$D$2,1+0,1)&MID('Paramètres'!$D$2,1+0,1) -> 0
A59: pas | B59: car. | C59: empreinte
A60: 1 | B60: =_xlfn.UNICODE(MID(Calcul!$B$58,1,1)) -> 0 | C60: =MOD(MOD(_xlfn.BITXOR(2166136261,B60),256)*16777216+_xlfn.BITXOR(2166136261,B60)*403,4294967296) -> 0
A61: 2 | B61: =_xlfn.UNICODE(MID(Calcul!$B$58,2,1)) -> 0 | C61: =MOD(MOD(_xlfn.BITXOR(C60,B61),256)*16777216+_xlfn.BITXOR(C60,B61)*403,4294967296) -> 0
A62: 3 | B62: =_xlfn.UNICODE(MID(Calcul!$B$58,3,1)) -> 0 | C62: =MOD(MOD(_xlfn.BITXOR(C61,B62),256)*16777216+_xlfn.BITXOR(C61,B62)*403,4294967296) -> 0
A63: 4 | B63: =_xlfn.UNICODE(MID(Calcul!$B$58,4,1)) -> 0 | C63: =MOD(MOD(_xlfn.BITXOR(C62,B63),256)*16777216+_xlfn.BITXOR(C62,B63)*403,4294967296) -> 0
A64: 5 | B64: =_xlfn.UNICODE(MID(Calcul!$B$58,5,1)) -> 0 | C64: =MOD(MOD(_xlfn.BITXOR(C63,B64),256)*16777216+_xlfn.BITXOR(C63,B64)*403,4294967296) -> 0
A65: 6 | B65: =_xlfn.UNICODE(MID(Calcul!$B$58,6,1)) -> 0 | C65: =MOD(MOD(_xlfn.BITXOR(C64,B65),256)*16777216+_xlfn.BITXOR(C64,B65)*403,4294967296) -> 0
A66: 7 | B66: =_xlfn.UNICODE(MID(Calcul!$B$58,7,1)) -> 0 | C66: =MOD(MOD(_xlfn.BITXOR(C65,B66),256)*16777216+_xlfn.BITXOR(C65,B66)*403,4294967296) -> 0
A67: 8 | B67: =_xlfn.UNICODE(MID(Calcul!$B$58,8,1)) -> 0 | C67: =MOD(MOD(_xlfn.BITXOR(C66,B67),256)*16777216+_xlfn.BITXOR(C66,B67)*403,4294967296) -> 0
A68: 9 | B68: =_xlfn.UNICODE(MID(Calcul!$B$58,9,1)) -> 0 | C68: =MOD(MOD(_xlfn.BITXOR(C67,B68),256)*16777216+_xlfn.BITXOR(C67,B68)*403,4294967296) -> 0
A69: 10 | B69: =_xlfn.UNICODE(MID(Calcul!$B$58,10,1)) -> 0 | C69: =MOD(MOD(_xlfn.BITXOR(C68,B69),256)*16777216+_xlfn.BITXOR(C68,B69)*403,4294967296) -> 0
A70: 11 | B70: =_xlfn.UNICODE(MID(Calcul!$B$58,11,1)) -> 0 | C70: =MOD(MOD(_xlfn.BITXOR(C69,B70),256)*16777216+_xlfn.BITXOR(C69,B70)*403,4294967296) -> 0
A71: 12 | B71: =_xlfn.UNICODE(MID(Calcul!$B$58,12,1)) -> 0 | C71: =MOD(MOD(_xlfn.BITXOR(C70,B71),256)*16777216+_xlfn.BITXOR(C70,B71)*403,4294967296) -> 0
A72: 13 | B72: =_xlfn.UNICODE(MID(Calcul!$B$58,13,1)) -> 0 | C72: =MOD(MOD(_xlfn.BITXOR(C71,B72),256)*16777216+_xlfn.BITXOR(C71,B72)*403,4294967296) -> 0
A73: 14 | B73: =_xlfn.UNICODE(MID(Calcul!$B$58,14,1)) -> 0 | C73: =MOD(MOD(_xlfn.BITXOR(C72,B73),256)*16777216+_xlfn.BITXOR(C72,B73)*403,4294967296) -> 0
A74: 15 | B74: =_xlfn.UNICODE(MID(Calcul!$B$58,15,1)) -> 0 | C74: =MOD(MOD(_xlfn.BITXOR(C73,B74),256)*16777216+_xlfn.BITXOR(C73,B74)*403,4294967296) -> 0
A75: 16 | B75: =_xlfn.UNICODE(MID(Calcul!$B$58,16,1)) -> 0 | C75: =MOD(MOD(_xlfn.BITXOR(C74,B75),256)*16777216+_xlfn.BITXOR(C74,B75)*403,4294967296) -> 0
A76: 17 | B76: =_xlfn.UNICODE(MID(Calcul!$B$58,17,1)) -> 0 | C76: =MOD(MOD(_xlfn.BITXOR(C75,B76),256)*16777216+_xlfn.BITXOR(C75,B76)*403,4294967296) -> 0
A77: 18 | B77: =_xlfn.UNICODE(MID(Calcul!$B$58,18,1)) -> 0 | C77: =MOD(MOD(_xlfn.BITXOR(C76,B77),256)*16777216+_xlfn.BITXOR(C76,B77)*403,4294967296) -> 0
A78: 19 | B78: =_xlfn.UNICODE(MID(Calcul!$B$58,19,1)) -> 0 | C78: =MOD(MOD(_xlfn.BITXOR(C77,B78),256)*16777216+_xlfn.BITXOR(C77,B78)*403,4294967296) -> 0
A79: 20 | B79: =_xlfn.UNICODE(MID(Calcul!$B$58,20,1)) -> 0 | C79: =MOD(MOD(_xlfn.BITXOR(C78,B79),256)*16777216+_xlfn.BITXOR(C78,B79)*403,4294967296) -> 0
A80: 21 | B80: =_xlfn.UNICODE(MID(Calcul!$B$58,21,1)) -> 0 | C80: =MOD(MOD(_xlfn.BITXOR(C79,B80),256)*16777216+_xlfn.BITXOR(C79,B80)*403,4294967296) -> 0
A82: Comlab | B82: =Calcul!$B$58&MID('Paramètres'!$D$2,MOD(INT(C80/1),32)+1,1)&MID('Paramètres'!$D$2,MOD(INT(C80/32),32)+1,1)&MID('Paramètres'!$D$2,MOD(INT(C80/1024),32)+1,1)&MID('Paramètres'!$D$2,MOD(INT(C80/32768),32)+1,1) -> 0
A85: APE
A86: tour 1 | B86: ="ape"&Calcul!$B$82&0 -> 0
B87: =_xlfn.UNICODE(MID($B$86,1,1)) -> 0 | C87: =MOD(MOD(_xlfn.BITXOR(2166136261,B87),256)*16777216+_xlfn.BITXOR(2166136261,B87)*403,4294967296) -> 0
B88: =_xlfn.UNICODE(MID($B$86,2,1)) -> 0 | C88: =MOD(MOD(_xlfn.BITXOR(C87,B88),256)*16777216+_xlfn.BITXOR(C87,B88)*403,4294967296) -> 0
B89: =_xlfn.UNICODE(MID($B$86,3,1)) -> 0 | C89: =MOD(MOD(_xlfn.BITXOR(C88,B89),256)*16777216+_xlfn.BITXOR(C88,B89)*403,4294967296) -> 0
B90: =_xlfn.UNICODE(MID($B$86,4,1)) -> 0 | C90: =MOD(MOD(_xlfn.BITXOR(C89,B90),256)*16777216+_xlfn.BITXOR(C89,B90)*403,4294967296) -> 0
B91: =_xlfn.UNICODE(MID($B$86,5,1)) -> 0 | C91: =MOD(MOD(_xlfn.BITXOR(C90,B91),256)*16777216+_xlfn.BITXOR(C90,B91)*403,4294967296) -> 0
B92: =_xlfn.UNICODE(MID($B$86,6,1)) -> 0 | C92: =MOD(MOD(_xlfn.BITXOR(C91,B92),256)*16777216+_xlfn.BITXOR(C91,B92)*403,4294967296) -> 0
B93: =_xlfn.UNICODE(MID($B$86,7,1)) -> 0 | C93: =MOD(MOD(_xlfn.BITXOR(C92,B93),256)*16777216+_xlfn.BITXOR(C92,B93)*403,4294967296) -> 0
B94: =_xlfn.UNICODE(MID($B$86,8,1)) -> 0 | C94: =MOD(MOD(_xlfn.BITXOR(C93,B94),256)*16777216+_xlfn.BITXOR(C93,B94)*403,4294967296) -> 0
B95: =_xlfn.UNICODE(MID($B$86,9,1)) -> 0 | C95: =MOD(MOD(_xlfn.BITXOR(C94,B95),256)*16777216+_xlfn.BITXOR(C94,B95)*403,4294967296) -> 0
B96: =_xlfn.UNICODE(MID($B$86,10,1)) -> 0 | C96: =MOD(MOD(_xlfn.BITXOR(C95,B96),256)*16777216+_xlfn.BITXOR(C95,B96)*403,4294967296) -> 0
B97: =_xlfn.UNICODE(MID($B$86,11,1)) -> 0 | C97: =MOD(MOD(_xlfn.BITXOR(C96,B97),256)*16777216+_xlfn.BITXOR(C96,B97)*403,4294967296) -> 0
B98: =_xlfn.UNICODE(MID($B$86,12,1)) -> 0 | C98: =MOD(MOD(_xlfn.BITXOR(C97,B98),256)*16777216+_xlfn.BITXOR(C97,B98)*403,4294967296) -> 0
B99: =_xlfn.UNICODE(MID($B$86,13,1)) -> 0 | C99: =MOD(MOD(_xlfn.BITXOR(C98,B99),256)*16777216+_xlfn.BITXOR(C98,B99)*403,4294967296) -> 0
B100: =_xlfn.UNICODE(MID($B$86,14,1)) -> 0 | C100: =MOD(MOD(_xlfn.BITXOR(C99,B100),256)*16777216+_xlfn.BITXOR(C99,B100)*403,4294967296) -> 0
B101: =_xlfn.UNICODE(MID($B$86,15,1)) -> 0 | C101: =MOD(MOD(_xlfn.BITXOR(C100,B101),256)*16777216+_xlfn.BITXOR(C100,B101)*403,4294967296) -> 0
B102: =_xlfn.UNICODE(MID($B$86,16,1)) -> 0 | C102: =MOD(MOD(_xlfn.BITXOR(C101,B102),256)*16777216+_xlfn.BITXOR(C101,B102)*403,4294967296) -> 0
B103: =_xlfn.UNICODE(MID($B$86,17,1)) -> 0 | C103: =MOD(MOD(_xlfn.BITXOR(C102,B103),256)*16777216+_xlfn.BITXOR(C102,B103)*403,4294967296) -> 0
B104: =_xlfn.UNICODE(MID($B$86,18,1)) -> 0 | C104: =MOD(MOD(_xlfn.BITXOR(C103,B104),256)*16777216+_xlfn.BITXOR(C103,B104)*403,4294967296) -> 0
B105: =_xlfn.UNICODE(MID($B$86,19,1)) -> 0 | C105: =MOD(MOD(_xlfn.BITXOR(C104,B105),256)*16777216+_xlfn.BITXOR(C104,B105)*403,4294967296) -> 0
B106: =_xlfn.UNICODE(MID($B$86,20,1)) -> 0 | C106: =MOD(MOD(_xlfn.BITXOR(C105,B106),256)*16777216+_xlfn.BITXOR(C105,B106)*403,4294967296) -> 0
B107: =_xlfn.UNICODE(MID($B$86,21,1)) -> 0 | C107: =MOD(MOD(_xlfn.BITXOR(C106,B107),256)*16777216+_xlfn.BITXOR(C106,B107)*403,4294967296) -> 0
B108: =_xlfn.UNICODE(MID($B$86,22,1)) -> 0 | C108: =MOD(MOD(_xlfn.BITXOR(C107,B108),256)*16777216+_xlfn.BITXOR(C107,B108)*403,4294967296) -> 0
...

Sheet Paramètres
A1: Paramètres | D1: Alphabet base 32 des codes
A2: Délai date 1 (jours) | B2: 30 | D2: 0123456789ABCDEFGHJKMNPQRSTVWXYZ
A3: Délai date 2 (jours) | B3: 65
A5: Jours fériés (France)
B6: 45292
B7: 45383
B8: 45413
B9: 45420
B10: 45421
B11: 45432
B12: 45487
B13: 45519
B14: 45597
B15: 45607
B16: 45651
B17: 45658
... B247: 53321
